[
   {
      "Type":"Total Cases (Suspected)",
      "National":259,
      "Bomi County":4,
      "Bong County":61,
      "Gbarpolu County":0,
      "Grand Bassa":8,
      "Grand Cape Mount":1,
      "Grand Gedeh":1,
      "Grand Kru":0,
      "Lofa County":62,
      "Margibi County":27,
      "Maryland County":0,
      "Montserrado County":83,
      "Nimba County":12,
      "RiverCess County":0
   },
   {
      "Type":"Total Cases (Probable)",
      "National":552,
      "Bomi County":28,
      "Bong County":29,
      "Gbarpolu County":0,
      "Grand Bassa":1,
      "Grand Cape Mount":3,
      "Grand Gedeh":0,
      "Grand Kru":0,
      "Lofa County":260,
      "Margibi County":32,
      "Maryland County":0,
      "Montserrado County":162,
      "Nimba County":37,
      "RiverCess County":0
   },
   {
      "Type":"Total cases (confirmed)",
      "National":263,
      "Bomi County":9,
      "Bong County":20,
      "Gbarpolu County":0,
      "Grand Bassa":6,
      "Grand Cape Mount":4,
      "Grand Gedeh":0,
      "Grand Kru":0,
      "Lofa County":144,
      "Margibi County":27,
      "Maryland County":0,
      "Montserrado County":43,
      "Nimba County":8,
      "RiverCess County":1
   },
   {
      "Type":"Cumulative (confirmed, probable, suspected) cases",
      "National":1074,
      "Bomi County":41,
      "Bong County":110,
      "Gbarpolu County":0,
      "Grand Bassa":15,
      "Grand Cape Mount":8,
      "Grand Gedeh":1,
      "Grand Kru":0,
      "Lofa County":466,
      "Margibi County":86,
      "Maryland County":0,
      "Montserrado County":288,
      "Nimba County":57,
      "RiverCess County":1
   },
   {
      "Type":"Health Care Workers",
      "National":null,
      "Bomi County":null,
      "Bong County":null,
      "Gbarpolu County":null,
      "Grand Bassa":null,
      "Grand Cape Mount":null,
      "Grand Gedeh":null,
      "Grand Kru":null,
      "Lofa County":null,
      "Margibi County":null,
      "Maryland County":null,
      "Montserrado County":null,
      "Nimba County":null,
      "RiverCess County":null
   },
   {
      "Type":"Cumulative  cases among HCW",
      "National":115,
      "Bomi County":4,
      "Bong County":24,
      "Gbarpolu County":0,
      "Grand Bassa":3,
      "Grand Cape Mount":3,
      "Grand Gedeh":0,
      "Grand Kru":0,
      "Lofa County":17,
      "Margibi County":23,
      "Maryland County":0,
      "Montserrado County":40,
      "Nimba County":1,
      "RiverCess County":0
   },
   {
      "Type":"Cumulative  deaths among HCW",
      "National":61,
      "Bomi County":4,
      "Bong County":5,
      "Gbarpolu County":0,
      "Grand Bassa":0,
      "Grand Cape Mount":0,
      "Grand Gedeh":0,
      "Grand Kru":0,
      "Lofa County":15,
      "Margibi County":16,
      "Maryland County":0,
      "Montserrado County":21,
      "Nimba County":0,
      "RiverCess County":0
   },
   {
      "Type":"Deaths",
      "National":null,
      "Bomi County":null,
      "Bong County":null,
      "Gbarpolu County":null,
      "Grand Bassa":null,
      "Grand Cape Mount":null,
      "Grand Gedeh":null,
      "Grand Kru":null,
      "Lofa County":null,
      "Margibi County":null,
      "Maryland County":null,
      "Montserrado County":null,
      "Nimba County":null,
      "RiverCess County":null
   },
   {
      "Type":"Total deaths in confirmed cases",
      "National":216,
      "Bomi County":8,
      "Bong County":10,
      "Gbarpolu County":0,
      "Grand Bassa":1,
      "Grand Cape Mount":4,
      "Grand Gedeh":0,
      "Grand Kru":0,
      "Lofa County":101,
      "Margibi County":23,
      "Maryland County":0,
      "Montserrado County":62,
      "Nimba County":7,
      "RiverCess County":0
   },
   {
      "Type":"Total deaths in probable cases",
      "National":265,
      "Bomi County":6,
      "Bong County":11,
      "Gbarpolu County":0,
      "Grand Bassa":1,
      "Grand Cape Mount":1,
      "Grand Gedeh":0,
      "Grand Kru":0,
      "Lofa County":100,
      "Margibi County":26,
      "Maryland County":0,
      "Montserrado County":99,
      "Nimba County":20,
      "RiverCess County":1
   },
   {
      "Type":"Total deaths in suspected cases",
      "National":132,
      "Bomi County":0,
      "Bong County":13,
      "Gbarpolu County":0,
      "Grand Bassa":0,
      "Grand Cape Mount":2,
      "Grand Gedeh":1,
      "Grand Kru":0,
      "Lofa County":34,
      "Margibi County":19,
      "Maryland County":0,
      "Montserrado County":57,
      "Nimba County":6,
      "RiverCess County":0
   },
   {
      "Type":"Total deaths in confirmed, probable, suspected cases",
      "National":613,
      "Bomi County":14,
      "Bong County":34,
      "Gbarpolu County":0,
      "Grand Bassa":2,
      "Grand Cape Mount":7,
      "Grand Gedeh":1,
      "Grand Kru":0,
      "Lofa County":235,
      "Margibi County":68,
      "Maryland County":0,
      "Montserrado County":218,
      "Nimba County":33,
      "RiverCess County":1
   },
   {
      "Type":"Cumulative CFR (March 22 - Aug 12, 2014)",
      "National":59,
      "Bomi County":37.8,
      "Bong County":42.9,
      "Gbarpolu County":null,
      "Grand Bassa":28.6,
      "Grand Cape Mount":71.4,
      "Grand Gedeh":null,
      "Grand Kru":null,
      "Lofa County":49.8,
      "Margibi County":83.1,
      "Maryland County":null,
      "Montserrado County":78.5,
      "Nimba County":60,
      "RiverCess County":100
   }
]