[
  {
    "Date":"2-Aug-14",
    "1. Total new cases":11,
    "2. New suspected cases":2,
    "3. New probable cases":9,
    "4. New confirmed cases":0
  },
  {
    "Date":"3-Aug-14",
    "1. Total new cases":27,
    "2. New suspected cases":10,
    "3. New probable cases":17,
    "4. New confirmed cases":0
  },
  {
    "Date":"4-Aug-14",
    "1. Total new cases":10,
    "2. New suspected cases":4,
    "3. New probable cases":5,
    "4. New confirmed cases":1
  },
  {
    "Date":"5-Aug-14",
    "1. Total new cases":17,
    "2. New suspected cases":6,
    "3. New probable cases":11,
    "4. New confirmed cases":0
  },
  {
    "Date":"6-Aug-14",
    "1. Total new cases":21,
    "2. New suspected cases":5,
    "3. New probable cases":15,
    "4. New confirmed cases":1
  },
  {
    "Date":"7-Aug-14",
    "1. Total new cases":34,
    "2. New suspected cases":3,
    "3. New probable cases":29,
    "4. New confirmed cases":2
  },
  {
    "Date":"8-Aug-14",
    "1. Total new cases":12,
    "2. New suspected cases":3,
    "3. New probable cases":9,
    "4. New confirmed cases":0
  },
  {
    "Date":"9-Aug-14",
    "1. Total new cases":3,
    "2. New suspected cases":1,
    "3. New probable cases":2,
    "4. New confirmed cases":0
  },
  {
    "Date":"10-Aug-14",
    "1. Total new cases":55,
    "2. New suspected cases":10,
    "3. New probable cases":42,
    "4. New confirmed cases":3
  },
  {
    "Date":"11-Aug-14",
    "1. Total new cases":57,
    "2. New suspected cases":1,
    "3. New probable cases":52,
    "4. New confirmed cases":4
  },
  {
    "Date":"12-Aug-14",
    "1. Total new cases":60,
    "2. New suspected cases":9,
    "3. New probable cases":49,
    "4. New confirmed cases":2
  },
  {
    "Date":"13-Aug-14",
    "1. Total new cases":57,
    "2. New suspected cases":18,
    "3. New probable cases":39,
    "4. New confirmed cases":0
  },
  {
    "Date":"14-Aug-14",
    "1. Total new cases":29,
    "2. New suspected cases":9,
    "3. New probable cases":20,
    "4. New confirmed cases":0
  },
  {
    "Date":"15-Aug-14",
    "1. Total new cases":19,
    "2. New suspected cases":10,
    "3. New probable cases":5,
    "4. New confirmed cases":4
  },
  {
    "Date":"16-Aug-14",
    "1. Total new cases":34,
    "2. New suspected cases":8,
    "3. New probable cases":26,
    "4. New confirmed cases":0
  },
  {
    "Date":"17-Aug-14",
    "1. Total new cases":24,
    "2. New suspected cases":14,
    "3. New probable cases":10,
    "4. New confirmed cases":0
  },
  {
    "Date":"18-Aug-14",
    "1. Total new cases":56,
    "2. New suspected cases":19,
    "3. New probable cases":35,
    "4. New confirmed cases":2
  },
  {
    "Date":"19-Aug-14",
    "1. Total new cases":60,
    "2. New suspected cases":13,
    "3. New probable cases":47,
    "4. New confirmed cases":0
  },
  {
    "Date":"20-Aug-14",
    "1. Total new cases":65,
    "2. New suspected cases":20,
    "3. New probable cases":27,
    "4. New confirmed cases":18
  }
]