[{"date": "2014-03-26", "cases_new_total": 8, "cases_cum": 8, "total_deaths_all": 4, "deaths": 4}, {"date": "2014-03-27", "cases_new_total": 0, "cases_cum": 8, "total_deaths_all": 4, "deaths": 0}, {"date": "2014-03-28", "cases_new_total": 0, "cases_cum": 8, "total_deaths_all": 4, "deaths": 0}, {"date": "2014-03-29", "cases_new_total": 0, "cases_cum": 8, "total_deaths_all": 4, "deaths": 0}, {"date": "2014-03-30", "cases_new_total": 0, "cases_cum": 8, "total_deaths_all": 4, "deaths": 0}, {"date": "2014-03-31", "cases_new_total": 0, "cases_cum": 8, "total_deaths_all": 4, "deaths": 0}, {"date": "2014-04-01", "cases_new_total": 2, "cases_cum": 10, "total_deaths_all": 4, "deaths": 0}, {"date": "2014-04-02", "cases_new_total": 4, "cases_cum": 14, "total_deaths_all": 4, "deaths": 0}, {"date": "2014-04-03", "cases_new_total": 0, "cases_cum": 14, "total_deaths_all": 4, "deaths": 0}, {"date": "2014-04-04", "cases_new_total": 4, "cases_cum": 18, "total_deaths_all": 7, "deaths": 3}, {"date": "2014-04-05", "cases_new_total": 0, "cases_cum": 18, "total_deaths_all": 7, "deaths": 0}, {"date": "2014-04-06", "cases_new_total": 0, "cases_cum": 18, "total_deaths_all": 7, "deaths": 0}, {"date": "2014-04-07", "cases_new_total": 3, "cases_cum": 21, "total_deaths_all": 10, "deaths": 3}, {"date": "2014-04-08", "cases_new_total": 0, "cases_cum": 21, "total_deaths_all": 10, "deaths": 0}, {"date": "2014-04-09", "cases_new_total": 1, "cases_cum": 22, "total_deaths_all": 12, "deaths": 2}, {"date": "2014-04-10", "cases_new_total": 3, "cases_cum": 25, "total_deaths_all": 12, "deaths": 0}, {"date": "2014-04-11", "cases_new_total": 0, "cases_cum": 25, "total_deaths_all": 13, "deaths": 1}, {"date": "2014-04-12", "cases_new_total": 0, "cases_cum": 25, "total_deaths_all": 13, "deaths": 0}, {"date": "2014-04-13", "cases_new_total": 0, "cases_cum": 25, "total_deaths_all": 13, "deaths": 0}, {"date": "2014-04-14", "cases_new_total": 0, "cases_cum": 25, "total_deaths_all": 13, "deaths": 0}, {"date": "2014-04-15", "cases_new_total": 0, "cases_cum": 25, "total_deaths_all": 13, "deaths": 0}, {"date": "2014-04-16", "cases_new_total": 2, "cases_cum": 27, "total_deaths_all": 13, "deaths": 0}, {"date": "2014-04-17", "cases_new_total": 0, "cases_cum": 27, "total_deaths_all": 13, "deaths": 0}, {"date": "2014-04-18", "cases_new_total": 0, "cases_cum": 27, "total_deaths_all": 13, "deaths": 0}, {"date": "2014-04-19", "cases_new_total": 6, "cases_cum": 33, "total_deaths_all": 9, "deaths": -4}, {"date": "2014-04-20", "cases_new_total": 0, "cases_cum": 33, "total_deaths_all": 13, "deaths": 4}, {"date": "2014-04-21", "cases_new_total": 0, "cases_cum": 33, "total_deaths_all": 13, "deaths": 0}, {"date": "2014-04-22", "cases_new_total": 1, "cases_cum": 34, "total_deaths_all": 11, "deaths": -2}, {"date": "2014-04-23", "cases_new_total": 0, "cases_cum": 34, "total_deaths_all": 11, "deaths": 0}, {"date": "2014-04-24", "cases_new_total": 1, "cases_cum": 35, "total_deaths_all": 11, "deaths": 0}, {"date": "2014-04-25", "cases_new_total": 0, "cases_cum": 35, "total_deaths_all": 11, "deaths": 0}, {"date": "2014-04-26", "cases_new_total": 0, "cases_cum": 35, "total_deaths_all": 11, "deaths": 0}, {"date": "2014-04-27", "cases_new_total": 0, "cases_cum": 35, "total_deaths_all": 11, "deaths": 0}, {"date": "2014-04-28", "cases_new_total": 0, "cases_cum": 35, "total_deaths_all": 11, "deaths": 0}, {"date": "2014-04-29", "cases_new_total": 0, "cases_cum": 35, "total_deaths_all": 11, "deaths": 0}, {"date": "2014-04-30", "cases_new_total": 0, "cases_cum": 35, "total_deaths_all": 11, "deaths": 0}, {"date": "2014-05-01", "cases_new_total": 0, "cases_cum": 35, "total_deaths_all": 11, "deaths": 0}, {"date": "2014-05-02", "cases_new_total": -22, "cases_cum": 13, "total_deaths_all": 11, "deaths": 0}, {"date": "2014-05-03", "cases_new_total": 0, "cases_cum": 13, "total_deaths_all": 11, "deaths": 0}, {"date": "2014-05-04", "cases_new_total": 0, "cases_cum": 13, "total_deaths_all": 11, "deaths": 0}, {"date": "2014-05-05", "cases_new_total": 0, "cases_cum": 13, "total_deaths_all": 11, "deaths": 0}, {"date": "2014-05-06", "cases_new_total": 0, "cases_cum": 13, "total_deaths_all": 11, "deaths": 0}, {"date": "2014-05-07", "cases_new_total": 0, "cases_cum": 13, "total_deaths_all": 11, "deaths": 0}, {"date": "2014-05-08", "cases_new_total": 0, "cases_cum": 13, "total_deaths_all": 11, "deaths": 0}, {"date": "2014-05-09", "cases_new_total": -1, "cases_cum": 12, "total_deaths_all": 11, "deaths": 0}, {"date": "2014-05-10", "cases_new_total": 1, "cases_cum": 13, "total_deaths_all": 11, "deaths": 0}, {"date": "2014-05-11", "cases_new_total": 0, "cases_cum": 13, "total_deaths_all": 11, "deaths": 0}, {"date": "2014-05-12", "cases_new_total": -1, "cases_cum": 12, "total_deaths_all": 11, "deaths": 0}, {"date": "2014-05-13", "cases_new_total": 0, "cases_cum": 12, "total_deaths_all": 11, "deaths": 0}, {"date": "2014-05-14", "cases_new_total": 0, "cases_cum": 12, "total_deaths_all": 11, "deaths": 0}, {"date": "2014-05-15", "cases_new_total": 0, "cases_cum": 12, "total_deaths_all": 11, "deaths": 0}, {"date": "2014-05-16", "cases_new_total": 0, "cases_cum": 12, "total_deaths_all": 9, "deaths": -2}, {"date": "2014-05-17", "cases_new_total": 0, "cases_cum": 12, "total_deaths_all": 11, "deaths": 2}, {"date": "2014-05-18", "cases_new_total": 0, "cases_cum": 12, "total_deaths_all": 11, "deaths": 0}, {"date": "2014-05-19", "cases_new_total": 0, "cases_cum": 12, "total_deaths_all": 11, "deaths": 0}, {"date": "2014-05-20", "cases_new_total": 0, "cases_cum": 12, "total_deaths_all": 11, "deaths": 0}, {"date": "2014-05-21", "cases_new_total": 0, "cases_cum": 12, "total_deaths_all": 11, "deaths": 0}, {"date": "2014-05-22", "cases_new_total": 0, "cases_cum": 12, "total_deaths_all": 11, "deaths": 0}, {"date": "2014-05-23", "cases_new_total": 0, "cases_cum": 12, "total_deaths_all": 11, "deaths": 0}, {"date": "2014-05-24", "cases_new_total": 0, "cases_cum": 12, "total_deaths_all": 11, "deaths": 0}, {"date": "2014-05-25", "cases_new_total": 0, "cases_cum": 12, "total_deaths_all": 11, "deaths": 0}, {"date": "2014-05-26", "cases_new_total": 0, "cases_cum": 12, "total_deaths_all": 11, "deaths": 0}, {"date": "2014-05-27", "cases_new_total": 0, "cases_cum": 12, "total_deaths_all": 11, "deaths": 0}, {"date": "2014-05-28", "cases_new_total": 0, "cases_cum": 12, "total_deaths_all": 11, "deaths": 0}, {"date": "2014-05-29", "cases_new_total": 1, "cases_cum": 13, "total_deaths_all": 10, "deaths": -1}, {"date": "2014-05-30", "cases_new_total": 0, "cases_cum": 13, "total_deaths_all": 12, "deaths": 2}, {"date": "2014-05-31", "cases_new_total": 0, "cases_cum": 13, "total_deaths_all": 12, "deaths": 0}, {"date": "2014-06-01", "cases_new_total": 0, "cases_cum": 13, "total_deaths_all": 12, "deaths": 0}, {"date": "2014-06-02", "cases_new_total": 0, "cases_cum": 13, "total_deaths_all": 12, "deaths": 0}, {"date": "2014-06-03", "cases_new_total": 0, "cases_cum": 13, "total_deaths_all": 12, "deaths": 0}, {"date": "2014-06-04", "cases_new_total": 0, "cases_cum": 13, "total_deaths_all": 12, "deaths": 0}, {"date": "2014-06-05", "cases_new_total": 0, "cases_cum": 13, "total_deaths_all": 12, "deaths": 0}, {"date": "2014-06-06", "cases_new_total": 0, "cases_cum": 13, "total_deaths_all": 12, "deaths": 0}, {"date": "2014-06-07", "cases_new_total": 0, "cases_cum": 13, "total_deaths_all": 12, "deaths": 0}, {"date": "2014-06-08", "cases_new_total": 0, "cases_cum": 13, "total_deaths_all": 12, "deaths": 0}, {"date": "2014-06-09", "cases_new_total": 0, "cases_cum": 13, "total_deaths_all": 12, "deaths": 0}, {"date": "2014-06-10", "cases_new_total": 0, "cases_cum": 13, "total_deaths_all": 12, "deaths": 0}, {"date": "2014-06-11", "cases_new_total": 17, "cases_cum": 30, "total_deaths_all": 15, "deaths": 3}, {"date": "2014-06-12", "cases_new_total": 0, "cases_cum": 30, "total_deaths_all": 15, "deaths": 0}, {"date": "2014-06-13", "cases_new_total": 0, "cases_cum": 30, "total_deaths_all": 15, "deaths": 0}, {"date": "2014-06-14", "cases_new_total": 0, "cases_cum": 30, "total_deaths_all": 15, "deaths": 0}, {"date": "2014-06-15", "cases_new_total": 0, "cases_cum": 30, "total_deaths_all": 15, "deaths": 0}, {"date": "2014-06-16", "cases_new_total": 0, "cases_cum": 30, "total_deaths_all": 24, "deaths": 9}, {"date": "2014-06-17", "cases_new_total": 0, "cases_cum": 30, "total_deaths_all": 24, "deaths": 0}, {"date": "2014-06-18", "cases_new_total": 4, "cases_cum": 34, "total_deaths_all": 24, "deaths": 0}, {"date": "2014-06-19", "cases_new_total": 7, "cases_cum": 41, "total_deaths_all": 25, "deaths": 1}, {"date": "2014-06-20", "cases_new_total": 10, "cases_cum": 51, "total_deaths_all": 29, "deaths": 4}, {"date": "2014-06-21", "cases_new_total": 0, "cases_cum": 51, "total_deaths_all": 29, "deaths": 0}, {"date": "2014-06-22", "cases_new_total": 0, "cases_cum": 51, "total_deaths_all": 33, "deaths": 4}, {"date": "2014-06-23", "cases_new_total": 11, "cases_cum": 62, "total_deaths_all": 37, "deaths": 4}, {"date": "2014-06-24", "cases_new_total": 1, "cases_cum": 63, "total_deaths_all": 41, "deaths": 4}, {"date": "2014-06-25", "cases_new_total": 0, "cases_cum": 63, "total_deaths_all": 41, "deaths": 0}, {"date": "2014-06-26", "cases_new_total": 0, "cases_cum": 63, "total_deaths_all": 41, "deaths": 0}, {"date": "2014-06-27", "cases_new_total": 0, "cases_cum": 63, "total_deaths_all": 41, "deaths": 0}, {"date": "2014-06-28", "cases_new_total": 0, "cases_cum": 63, "total_deaths_all": 41, "deaths": 0}, {"date": "2014-06-29", "cases_new_total": 27, "cases_cum": 90, "total_deaths_all": 49, "deaths": 8}, {"date": "2014-06-30", "cases_new_total": 6, "cases_cum": 96, "total_deaths_all": 56, "deaths": 7}, {"date": "2014-07-01", "cases_new_total": 4, "cases_cum": 100, "total_deaths_all": 61, "deaths": 5}, {"date": "2014-07-02", "cases_new_total": 12, "cases_cum": 112, "total_deaths_all": 66, "deaths": 5}, {"date": "2014-07-03", "cases_new_total": 4, "cases_cum": 116, "total_deaths_all": 81, "deaths": 15}, {"date": "2014-07-04", "cases_new_total": 6, "cases_cum": 122, "total_deaths_all": 83, "deaths": 2}, {"date": "2014-07-05", "cases_new_total": 4, "cases_cum": 126, "total_deaths_all": 85, "deaths": 2}, {"date": "2014-07-06", "cases_new_total": 5, "cases_cum": 131, "total_deaths_all": 87, "deaths": 2}, {"date": "2014-07-07", "cases_new_total": 7, "cases_cum": 138, "total_deaths_all": 89, "deaths": 2}, {"date": "2014-07-08", "cases_new_total": 0, "cases_cum": 138, "total_deaths_all": 89, "deaths": 0}, {"date": "2014-07-09", "cases_new_total": 4, "cases_cum": 142, "total_deaths_all": 92, "deaths": 3}, {"date": "2014-07-10", "cases_new_total": 3, "cases_cum": 145, "total_deaths_all": 96, "deaths": 4}, {"date": "2014-07-11", "cases_new_total": 0, "cases_cum": 145, "total_deaths_all": 96, "deaths": 0}, {"date": "2014-07-12", "cases_new_total": 27, "cases_cum": 172, "total_deaths_all": 105, "deaths": 9}, {"date": "2014-07-13", "cases_new_total": 1, "cases_cum": 173, "total_deaths_all": 105, "deaths": 0}, {"date": "2014-07-14", "cases_new_total": 1, "cases_cum": 174, "total_deaths_all": 106, "deaths": 1}, {"date": "2014-07-15", "cases_new_total": 0, "cases_cum": 174, "total_deaths_all": 106, "deaths": 0}, {"date": "2014-07-16", "cases_new_total": 13, "cases_cum": 187, "total_deaths_all": 116, "deaths": 10}, {"date": "2014-07-17", "cases_new_total": 9, "cases_cum": 196, "total_deaths_all": 119, "deaths": 3}, {"date": "2014-07-18", "cases_new_total": 0, "cases_cum": 196, "total_deaths_all": 119, "deaths": 0}, {"date": "2014-07-19", "cases_new_total": 23, "cases_cum": 219, "total_deaths_all": 123, "deaths": 4}, {"date": "2014-07-20", "cases_new_total": 5, "cases_cum": 224, "total_deaths_all": 127, "deaths": 4}, {"date": "2014-07-21", "cases_new_total": 6, "cases_cum": 230, "total_deaths_all": 137, "deaths": 10}, {"date": "2014-07-22", "cases_new_total": 19, "cases_cum": 249, "total_deaths_all": 129, "deaths": -8}, {"date": "2014-07-23", "cases_new_total": 17, "cases_cum": 266, "total_deaths_all": 141, "deaths": 12}, {"date": "2014-07-24", "cases_new_total": 30, "cases_cum": 296, "total_deaths_all": 147, "deaths": 6}, {"date": "2014-07-25", "cases_new_total": 0, "cases_cum": 0, "total_deaths_all": 0, "deaths": 0}, {"date": "2014-07-26", "cases_new_total": 19, "cases_cum": 315, "total_deaths_all": 156, "deaths": 9}, {"date": "2014-07-27", "cases_new_total": 0, "cases_cum": 0, "total_deaths_all": 0, "deaths": 0}, {"date": "2014-07-28", "cases_new_total": 45, "cases_cum": 360, "total_deaths_all": 181, "deaths": 25}, {"date": "2014-07-29", "cases_new_total": 0, "cases_cum": 0, "total_deaths_all": 0, "deaths": 0}, {"date": "2014-07-30", "cases_new_total": 0, "cases_cum": 0, "total_deaths_all": 0, "deaths": 0}, {"date": "2014-07-31", "cases_new_total": 74, "cases_cum": 434, "total_deaths_all": 236, "deaths": 55}, {"date": "2014-08-01", "cases_new_total": 34, "cases_cum": 468, "total_deaths_all": 255, "deaths": 19}, {"date": "2014-08-02", "cases_new_total": 11, "cases_cum": 479, "total_deaths_all": 268, "deaths": 13}, {"date": "2014-08-03", "cases_new_total": 0, "cases_cum": 0, "total_deaths_all": 0, "deaths": 0}, {"date": "2014-08-04", "cases_new_total": 37, "cases_cum": 516, "total_deaths_all": 282, "deaths": 14}, {"date": "2014-08-05", "cases_new_total": 0, "cases_cum": 0, "total_deaths_all": 0, "deaths": 0}, {"date": "2014-08-06", "cases_new_total": 38, "cases_cum": 554, "total_deaths_all": 294, "deaths": 12}, {"date": "2014-08-07", "cases_new_total": 33, "cases_cum": 587, "total_deaths_all": 306, "deaths": 12}, {"date": "2014-08-08", "cases_new_total": 12, "cases_cum": 599, "total_deaths_all": 314, "deaths": 8}, {"date": "2014-08-09", "cases_new_total": 3, "cases_cum": 599, "total_deaths_all": 323, "deaths": 9}, {"date": "2014-08-10", "cases_new_total": 0, "cases_cum": 0, "total_deaths_all": 0, "deaths": 0}, {"date": "2014-08-11", "cases_new_total": 0, "cases_cum": 0, "total_deaths_all": 0, "deaths": 0}, {"date": "2014-08-12", "cases_new_total": 60, "cases_cum": 688, "total_deaths_all": 364, "deaths": 29}, {"date": "2014-08-13", "cases_new_total": 57, "cases_cum": 786, "total_deaths_all": 413, "deaths": 29}, {"date": "2014-08-14", "cases_new_total": 29, "cases_cum": 818, "total_deaths_all": 446, "deaths": 33}, {"date": "2014-08-15", "cases_new_total": 19, "cases_cum": 834, "total_deaths_all": 466, "deaths": 17}, {"date": "2014-08-16", "cases_new_total": 34, "cases_cum": 846, "total_deaths_all": 481, "deaths": 15}, {"date": "2014-08-17", "cases_new_total": 24, "cases_cum": 870, "total_deaths_all": 492, "deaths": 11}, {"date": "2014-08-18", "cases_new_total": 56, "cases_cum": 972, "total_deaths_all": 576, "deaths": 30}, {"date": "2014-08-19", "cases_new_total": 60, "cases_cum": 1032, "total_deaths_all": 598, "deaths": 20}, {"date": "2014-08-20", "cases_new_total": 65, "cases_cum": 1082, "total_deaths_all": 624, "deaths": 23}, {"date": "2014-08-21", "cases_new_total": 0, "cases_cum": 0, "total_deaths_all": 0, "deaths": 0}, {"date": "2014-08-22", "cases_new_total": 95, "cases_cum": 1261, "total_deaths_all": 697, "deaths": 35}, {"date": "2014-08-23", "cases_new_total": 0, "cases_cum": 0, "total_deaths_all": 0, "deaths": 0}, {"date": "2014-08-24", "cases_new_total": 89, "cases_cum": 1386, "total_deaths_all": 754, "deaths": 31}, {"date": "2014-08-25", "cases_new_total": 29, "cases_cum": 1395, "total_deaths_all": 771, "deaths": 28}, {"date": "2014-08-26", "cases_new_total": 84, "cases_cum": 1463, "total_deaths_all": 823, "deaths": 52}, {"date": "2014-08-27", "cases_new_total": 55, "cases_cum": 1542, "total_deaths_all": 855, "deaths": 22}]
