[{"1. Total new cases": 8, "1. Total deaths in confirmed, probable and suspected cases": 4, "3. Daily deaths in probable  cases": 0, "4.Total confirmed cases": 0, "4. Total deaths in confirmed cases": 0, "2. Total suspected cases": 8, "HealthCare worker total deaths": 0, "HealthCare worker new cases": null, "HealthCare worker new deaths": null, "4. Daily deaths in confirmed cases": 0, "2. Daily deaths in suspected cases": 0, "3. Total probable cases": 0, "2. New suspected cases": 8, "1. Total daily deaths": 4, "3. New probable cases": 0, "4. New confirmed cases": 0, "1. Total cases": 8, "Date": "Mar 26", "2. Total deaths in suspected cases": 0, "3. Total deaths in probable cases": 0, "HealthCare worker total cases": 0}, {"1. Total new cases": 4, "1. Total deaths in confirmed, probable and suspected cases": 4, "3. Daily deaths in probable  cases": 0, "4.Total confirmed cases": 2, "4. Total deaths in confirmed cases": 0, "2. Total suspected cases": 12, "HealthCare worker total deaths": 0, "HealthCare worker new cases": null, "HealthCare worker new deaths": null, "4. Daily deaths in confirmed cases": 0, "2. Daily deaths in suspected cases": 0, "3. Total probable cases": 0, "2. New suspected cases": 4, "1. Total daily deaths": 0, "3. New probable cases": 0, "4. New confirmed cases": 0, "1. Total cases": 14, "Date": "Apr 02", "2. Total deaths in suspected cases": 0, "3. Total deaths in probable cases": 0, "HealthCare worker total cases": 0}, {"1. Total new cases": 1, "1. Total deaths in confirmed, probable and suspected cases": 12, "3. Daily deaths in probable  cases": 0, "4.Total confirmed cases": 5, "4. Total deaths in confirmed cases": 0, "2. Total suspected cases": 20, "HealthCare worker total deaths": 0, "HealthCare worker new cases": null, "HealthCare worker new deaths": null, "4. Daily deaths in confirmed cases": 0, "2. Daily deaths in suspected cases": 0, "3. Total probable cases": 0, "2. New suspected cases": 8, "1. Total daily deaths": 2, "3. New probable cases": 0, "4. New confirmed cases": 0, "1. Total cases": 22, "Date": "Apr 09", "2. Total deaths in suspected cases": 0, "3. Total deaths in probable cases": 0, "HealthCare worker total cases": 0}, {"1. Total new cases": 2, "1. Total deaths in confirmed, probable and suspected cases": 13, "3. Daily deaths in probable  cases": 0, "4.Total confirmed cases": 6, "4. Total deaths in confirmed cases": 0, "2. Total suspected cases": 20, "HealthCare worker total deaths": 0, "HealthCare worker new cases": null, "HealthCare worker new deaths": null, "4. Daily deaths in confirmed cases": 0, "2. Daily deaths in suspected cases": 0, "3. Total probable cases": 0, "2. New suspected cases": 0, "1. Total daily deaths": 0, "3. New probable cases": 0, "4. New confirmed cases": 0, "1. Total cases": 27, "Date": "Apr 16", "2. Total deaths in suspected cases": 0, "3. Total deaths in probable cases": 0, "HealthCare worker total cases": 0}, {"1. Total new cases": 0, "1. Total deaths in confirmed, probable and suspected cases": 11, "3. Daily deaths in probable  cases": 0, "4.Total confirmed cases": 6, "4. Total deaths in confirmed cases": 6, "2. Total suspected cases": 25, "HealthCare worker total deaths": 2, "HealthCare worker new cases": null, "HealthCare worker new deaths": null, "4. Daily deaths in confirmed cases": 0, "2. Daily deaths in suspected cases": 0, "3. Total probable cases": 2, "2. New suspected cases": 0, "1. Total daily deaths": 0, "3. New probable cases": 0, "4. New confirmed cases": 0, "1. Total cases": 34, "Date": "Apr 23", "2. Total deaths in suspected cases": 1, "3. Total deaths in probable cases": 2, "HealthCare worker total cases": 2}, {"1. Total new cases": 0, "1. Total deaths in confirmed, probable and suspected cases": 11, "3. Daily deaths in probable  cases": 0, "4.Total confirmed cases": 6, "4. Total deaths in confirmed cases": 6, "2. Total suspected cases": 27, "HealthCare worker total deaths": 2, "HealthCare worker new cases": null, "HealthCare worker new deaths": null, "4. Daily deaths in confirmed cases": 0, "2. Daily deaths in suspected cases": 0, "3. Total probable cases": 2, "2. New suspected cases": 0, "1. Total daily deaths": 0, "3. New probable cases": 0, "4. New confirmed cases": 0, "1. Total cases": 35, "Date": "Apr 30", "2. Total deaths in suspected cases": 3, "3. Total deaths in probable cases": 2, "HealthCare worker total cases": 2}, {"1. Total new cases": 0, "1. Total deaths in confirmed, probable and suspected cases": 11, "3. Daily deaths in probable  cases": 0, "4.Total confirmed cases": 6, "4. Total deaths in confirmed cases": 6, "2. Total suspected cases": 5, "HealthCare worker total deaths": 2, "HealthCare worker new cases": null, "HealthCare worker new deaths": null, "4. Daily deaths in confirmed cases": 0, "2. Daily deaths in suspected cases": 0, "3. Total probable cases": 2, "2. New suspected cases": 0, "1. Total daily deaths": 0, "3. New probable cases": 0, "4. New confirmed cases": 0, "1. Total cases": 13, "Date": "May 07", "2. Total deaths in suspected cases": 3, "3. Total deaths in probable cases": 2, "HealthCare worker total cases": 2}, {"1. Total new cases": 0, "1. Total deaths in confirmed, probable and suspected cases": 11, "3. Daily deaths in probable  cases": 0, "4.Total confirmed cases": 6, "4. Total deaths in confirmed cases": 6, "2. Total suspected cases": 4, "HealthCare worker total deaths": 2, "HealthCare worker new cases": null, "HealthCare worker new deaths": null, "4. Daily deaths in confirmed cases": 0, "2. Daily deaths in suspected cases": 0, "3. Total probable cases": 2, "2. New suspected cases": 0, "1. Total daily deaths": 0, "3. New probable cases": 0, "4. New confirmed cases": 0, "1. Total cases": 12, "Date": "May 14", "2. Total deaths in suspected cases": 3, "3. Total deaths in probable cases": 2, "HealthCare worker total cases": 2}, {"1. Total new cases": 0, "1. Total deaths in confirmed, probable and suspected cases": 11, "3. Daily deaths in probable  cases": 0, "4.Total confirmed cases": 6, "4. Total deaths in confirmed cases": 6, "2. Total suspected cases": 4, "HealthCare worker total deaths": 2, "HealthCare worker new cases": null, "HealthCare worker new deaths": null, "4. Daily deaths in confirmed cases": 0, "2. Daily deaths in suspected cases": 0, "3. Total probable cases": 2, "2. New suspected cases": 0, "1. Total daily deaths": 0, "3. New probable cases": 0, "4. New confirmed cases": 0, "1. Total cases": 12, "Date": "May 21", "2. Total deaths in suspected cases": 1, "3. Total deaths in probable cases": 2, "HealthCare worker total cases": 2}, {"1. Total new cases": 0, "1. Total deaths in confirmed, probable and suspected cases": 11, "3. Daily deaths in probable  cases": 0, "4.Total confirmed cases": 6, "4. Total deaths in confirmed cases": 6, "2. Total suspected cases": 4, "HealthCare worker total deaths": 2, "HealthCare worker new cases": null, "HealthCare worker new deaths": null, "4. Daily deaths in confirmed cases": 0, "2. Daily deaths in suspected cases": 0, "3. Total probable cases": 2, "2. New suspected cases": 0, "1. Total daily deaths": 0, "3. New probable cases": 0, "4. New confirmed cases": 0, "1. Total cases": 12, "Date": "May 28", "2. Total deaths in suspected cases": 1, "3. Total deaths in probable cases": 2, "HealthCare worker total cases": 2}, {"1. Total new cases": 0, "1. Total deaths in confirmed, probable and suspected cases": 12, "3. Daily deaths in probable  cases": 0, "4.Total confirmed cases": 6, "4. Total deaths in confirmed cases": 6, "2. Total suspected cases": 5, "HealthCare worker total deaths": 2, "HealthCare worker new cases": null, "HealthCare worker new deaths": null, "4. Daily deaths in confirmed cases": 0, "2. Daily deaths in suspected cases": 0, "3. Total probable cases": 2, "2. New suspected cases": 0, "1. Total daily deaths": 0, "3. New probable cases": 0, "4. New confirmed cases": 0, "1. Total cases": 13, "Date": "Jun 04", "2. Total deaths in suspected cases": 2, "3. Total deaths in probable cases": 2, "HealthCare worker total cases": 2}, {"1. Total new cases": 17, "1. Total deaths in confirmed, probable and suspected cases": 15, "3. Daily deaths in probable  cases": 1, "4.Total confirmed cases": 11, "4. Total deaths in confirmed cases": 7, "2. Total suspected cases": 16, "HealthCare worker total deaths": 2, "HealthCare worker new cases": null, "HealthCare worker new deaths": null, "4. Daily deaths in confirmed cases": 1, "2. Daily deaths in suspected cases": 5, "3. Total probable cases": 3, "2. New suspected cases": 11, "1. Total daily deaths": 3, "3. New probable cases": 1, "4. New confirmed cases": 5, "1. Total cases": 30, "Date": "Jun 11", "2. Total deaths in suspected cases": 7, "3. Total deaths in probable cases": 3, "HealthCare worker total cases": 2}, {"1. Total new cases": 4, "1. Total deaths in confirmed, probable and suspected cases": 24, "3. Daily deaths in probable  cases": 0, "4.Total confirmed cases": 18, "4. Total deaths in confirmed cases": 14, "2. Total suspected cases": 8, "HealthCare worker total deaths": 3, "HealthCare worker new cases": null, "HealthCare worker new deaths": null, "4. Daily deaths in confirmed cases": 0, "2. Daily deaths in suspected cases": 0, "3. Total probable cases": 8, "2. New suspected cases": 4, "1. Total daily deaths": 0, "3. New probable cases": 0, "4. New confirmed cases": 0, "1. Total cases": 34, "Date": "Jun 18", "2. Total deaths in suspected cases": 2, "3. Total deaths in probable cases": 8, "HealthCare worker total cases": 3}, {"1. Total new cases": 0, "1. Total deaths in confirmed, probable and suspected cases": 41, "3. Daily deaths in probable  cases": 0, "4.Total confirmed cases": 39, "4. Total deaths in confirmed cases": 25, "2. Total suspected cases": 14, "HealthCare worker total deaths": 4, "HealthCare worker new cases": null, "HealthCare worker new deaths": null, "4. Daily deaths in confirmed cases": 0, "2. Daily deaths in suspected cases": 0, "3. Total probable cases": 10, "2. New suspected cases": 0, "1. Total daily deaths": 0, "3. New probable cases": 0, "4. New confirmed cases": 0, "1. Total cases": 63, "Date": "Jun 25", "2. Total deaths in suspected cases": 6, "3. Total deaths in probable cases": 10, "HealthCare worker total cases": 4}, {"1. Total new cases": 12, "1. Total deaths in confirmed, probable and suspected cases": 66, "3. Daily deaths in probable  cases": 5, "4.Total confirmed cases": 54, "4. Total deaths in confirmed cases": 38, "2. Total suspected cases": 34, "HealthCare worker total deaths": 10, "HealthCare worker new cases": null, "HealthCare worker new deaths": null, "4. Daily deaths in confirmed cases": 8, "2. Daily deaths in suspected cases": 3, "3. Total probable cases": 24, "2. New suspected cases": 1, "1. Total daily deaths": 5, "3. New probable cases": 5, "4. New confirmed cases": 6, "1. Total cases": 112, "Date": "Jul 02", "2. Total deaths in suspected cases": 17, "3. Total deaths in probable cases": 22, "HealthCare worker total cases": 12}, {"1. Total new cases": 4, "1. Total deaths in confirmed, probable and suspected cases": 92, "3. Daily deaths in probable  cases": 1, "4.Total confirmed cases": 70, "4. Total deaths in confirmed cases": 44, "2. Total suspected cases": 40, "HealthCare worker total deaths": 11, "HealthCare worker new cases": null, "HealthCare worker new deaths": null, "4. Daily deaths in confirmed cases": 1, "2. Daily deaths in suspected cases": 1, "3. Total probable cases": 32, "2. New suspected cases": 2, "1. Total daily deaths": 3, "3. New probable cases": 0, "4. New confirmed cases": 8, "1. Total cases": 142, "Date": "Jul 09", "2. Total deaths in suspected cases": 19, "3. Total deaths in probable cases": 29, "HealthCare worker total cases": 12}, {"1. Total new cases": 13, "1. Total deaths in confirmed, probable and suspected cases": 116, "3. Daily deaths in probable  cases": 7, "4.Total confirmed cases": 73, "4. Total deaths in confirmed cases": 54, "2. Total suspected cases": 63, "HealthCare worker total deaths": 11, "HealthCare worker new cases": null, "HealthCare worker new deaths": null, "4. Daily deaths in confirmed cases": 8, "2. Daily deaths in suspected cases": 5, "3. Total probable cases": 51, "2. New suspected cases": 1, "1. Total daily deaths": 10, "3. New probable cases": 9, "4. New confirmed cases": 3, "1. Total cases": 187, "Date": "Jul 16", "2. Total deaths in suspected cases": 25, "3. Total deaths in probable cases": 37, "HealthCare worker total cases": 18}, {"1. Total new cases": 17, "1. Total deaths in confirmed, probable and suspected cases": 141, "3. Daily deaths in probable  cases": 7, "4.Total confirmed cases": 87, "4. Total deaths in confirmed cases": 65, "2. Total suspected cases": 82, "HealthCare worker total deaths": 16, "HealthCare worker new cases": null, "HealthCare worker new deaths": null, "4. Daily deaths in confirmed cases": 5, "2. Daily deaths in suspected cases": 0, "3. Total probable cases": 97, "2. New suspected cases": 1, "1. Total daily deaths": 12, "3. New probable cases": 13, "4. New confirmed cases": 3, "1. Total cases": 266, "Date": "Jul 23", "2. Total deaths in suspected cases": 19, "3. Total deaths in probable cases": 57, "HealthCare worker total cases": 34}, {"1. Total new cases": 0, "1. Total deaths in confirmed, probable and suspected cases": 0, "3. Daily deaths in probable  cases": 0, "4.Total confirmed cases": 0, "4. Total deaths in confirmed cases": 0, "2. Total suspected cases": 0, "HealthCare worker total deaths": 0, "HealthCare worker new cases": null, "HealthCare worker new deaths": null, "4. Daily deaths in confirmed cases": 0, "2. Daily deaths in suspected cases": 0, "3. Total probable cases": 0, "2. New suspected cases": 0, "1. Total daily deaths": 0, "3. New probable cases": 0, "4. New confirmed cases": 0, "1. Total cases": 0, "Date": "Jul 30", "2. Total deaths in suspected cases": 0, "3. Total deaths in probable cases": 0, "HealthCare worker total cases": 0}, {"1. Total new cases": 38, "1. Total deaths in confirmed, probable and suspected cases": 294, "3. Daily deaths in probable  cases": 7, "4.Total confirmed cases": 148, "4. Total deaths in confirmed cases": 132, "2. Total suspected cases": 132, "HealthCare worker total deaths": 35, "HealthCare worker new cases": null, "HealthCare worker new deaths": null, "4. Daily deaths in confirmed cases": 4, "2. Daily deaths in suspected cases": 1, "3. Total probable cases": 274, "2. New suspected cases": 11, "1. Total daily deaths": 12, "3. New probable cases": 22, "4. New confirmed cases": 5, "1. Total cases": 554, "Date": "Aug 06", "2. Total deaths in suspected cases": 45, "3. Total deaths in probable cases": 117, "HealthCare worker total cases": 76}, {"1. Total new cases": 57, "1. Total deaths in confirmed, probable and suspected cases": 413, "3. Daily deaths in probable  cases": 32, "4.Total confirmed cases": 190, "4. Total deaths in confirmed cases": 154, "2. Total suspected cases": 173, "HealthCare worker total deaths": 38, "HealthCare worker new cases": null, "HealthCare worker new deaths": null, "4. Daily deaths in confirmed cases": 2, "2. Daily deaths in suspected cases": 15, "3. Total probable cases": 423, "2. New suspected cases": 18, "1. Total daily deaths": 29, "3. New probable cases": 39, "4. New confirmed cases": 0, "1. Total cases": 786, "Date": "Aug 13", "2. Total deaths in suspected cases": 69, "3. Total deaths in probable cases": 190, "HealthCare worker total cases": 90}, {"1. Total new cases": 65, "1. Total deaths in confirmed, probable and suspected cases": 624, "3. Daily deaths in probable  cases": 15, "4.Total confirmed cases": 269, "4. Total deaths in confirmed cases": 222, "2. Total suspected cases": 259, "HealthCare worker total deaths": 63, "HealthCare worker new cases": null, "HealthCare worker new deaths": null, "4. Daily deaths in confirmed cases": 5, "2. Daily deaths in suspected cases": 6, "3. Total probable cases": 554, "2. New suspected cases": 20, "1. Total daily deaths": 23, "3. New probable cases": 27, "4. New confirmed cases": 18, "1. Total cases": 1082, "Date": "Aug 20", "2. Total deaths in suspected cases": 135, "3. Total deaths in probable cases": 267, "HealthCare worker total cases": 117}, {"1. Total new cases": 55, "1. Total deaths in confirmed, probable and suspected cases": 855, "3. Daily deaths in probable  cases": null, "4.Total confirmed cases": 347, "4. Total deaths in confirmed cases": 318, "2. Total suspected cases": 446, "HealthCare worker total deaths": 71, "HealthCare worker new cases": 0, "HealthCare worker new deaths": 0, "4. Daily deaths in confirmed cases": null, "2. Daily deaths in suspected cases": null, "3. Total probable cases": 749, "2. New suspected cases": 10, "1. Total daily deaths": 22, "3. New probable cases": 44, "4. New confirmed cases": 1, "1. Total cases": 1542, "Date": "Aug 27", "2. Total deaths in suspected cases": 203, "3. Total deaths in probable cases": 334, "HealthCare worker total cases": 137}]
