[
    {
        "1. Total new cases": 34,
        "1. Total deaths in confirmed, probable and suspected cases": 255,
        "3. Daily deaths in probable  cases": 4,
        "4.Total confirmed cases": 129,
        "4. Total deaths in confirmed cases": 117,
        "2. Total suspected cases": 105,
        "HealthCare worker total deaths": 37,
        "HealthCare worker new cases": null,
        "HealthCare worker new deaths": null,
        "4. Daily deaths in confirmed cases": 10,
        "2. Daily deaths in suspected cases": 5,
        "3. Total probable cases": 234,
        "2. New suspected cases": 4,
        "1. Total daily deaths": 19,
        "3. New probable cases": 10,
        "4. New confirmed cases": 20,
        "1. Total cases": 468,
        "Date": "Aug 01",
        "2. Total deaths in suspected cases": 41,
        "3. Total deaths in probable cases": 97,
        "HealthCare worker total cases": 62
    },
    {
        "1. Total new cases": 11,
        "1. Total deaths in confirmed, probable and suspected cases": 268,
        "3. Daily deaths in probable  cases": 4,
        "4.Total confirmed cases": 138,
        "4. Total deaths in confirmed cases": 124,
        "2. Total suspected cases": 107,
        "HealthCare worker total deaths": 37,
        "HealthCare worker new cases": null,
        "HealthCare worker new deaths": null,
        "4. Daily deaths in confirmed cases": 7,
        "2. Daily deaths in suspected cases": 2,
        "3. Total probable cases": 234,
        "2. New suspected cases": 2,
        "1. Total daily deaths": 13,
        "3. New probable cases": 0,
        "4. New confirmed cases": 9,
        "1. Total cases": 479,
        "Date": "Aug 02",
        "2. Total deaths in suspected cases": 43,
        "3. Total deaths in probable cases": 101,
        "HealthCare worker total cases": 62
    },
    {
        "1. Total new cases": 37,
        "1. Total deaths in confirmed, probable and suspected cases": 282,
        "3. Daily deaths in probable  cases": 9,
        "4.Total confirmed cases": 143,
        "4. Total deaths in confirmed cases": 128,
        "2. Total suspected cases": 121,
        "HealthCare worker total deaths": 34,
        "HealthCare worker new cases": null,
        "HealthCare worker new deaths": null,
        "4. Daily deaths in confirmed cases": 4,
        "2. Daily deaths in suspected cases": 1,
        "3. Total probable cases": 252,
        "2. New suspected cases": 14,
        "1. Total daily deaths": 14,
        "3. New probable cases": 18,
        "4. New confirmed cases": 5,
        "1. Total cases": 516,
        "Date": "Aug 04",
        "2. Total deaths in suspected cases": 44,
        "3. Total deaths in probable cases": 110,
        "HealthCare worker total cases": 65
    },
    {
        "1. Total new cases": 38,
        "1. Total deaths in confirmed, probable and suspected cases": 294,
        "3. Daily deaths in probable  cases": 7,
        "4.Total confirmed cases": 148,
        "4. Total deaths in confirmed cases": 132,
        "2. Total suspected cases": 132,
        "HealthCare worker total deaths": 35,
        "HealthCare worker new cases": null,
        "HealthCare worker new deaths": null,
        "4. Daily deaths in confirmed cases": 4,
        "2. Daily deaths in suspected cases": 1,
        "3. Total probable cases": 274,
        "2. New suspected cases": 11,
        "1. Total daily deaths": 12,
        "3. New probable cases": 22,
        "4. New confirmed cases": 5,
        "1. Total cases": 554,
        "Date": "Aug 06",
        "2. Total deaths in suspected cases": 45,
        "3. Total deaths in probable cases": 117,
        "HealthCare worker total cases": 76
    },
    {
        "1. Total new cases": 33,
        "1. Total deaths in confirmed, probable and suspected cases": 306,
        "3. Daily deaths in probable  cases": 4,
        "4.Total confirmed cases": 155,
        "4. Total deaths in confirmed cases": 140,
        "2. Total suspected cases": 135,
        "HealthCare worker total deaths": 35,
        "HealthCare worker new cases": null,
        "HealthCare worker new deaths": null,
        "4. Daily deaths in confirmed cases": 8,
        "2. Daily deaths in suspected cases": 0,
        "3. Total probable cases": 297,
        "2. New suspected cases": 3,
        "1. Total daily deaths": 12,
        "3. New probable cases": 23,
        "4. New confirmed cases": 7,
        "1. Total cases": 587,
        "Date": "Aug 07",
        "2. Total deaths in suspected cases": 45,
        "3. Total deaths in probable cases": 121,
        "HealthCare worker total cases": 78
    },
    {
        "1. Total new cases": 12,
        "1. Total deaths in confirmed, probable and suspected cases": 314,
        "3. Daily deaths in probable  cases": 3,
        "4.Total confirmed cases": 155,
        "4. Total deaths in confirmed cases": 142,
        "2. Total suspected cases": 138,
        "HealthCare worker total deaths": 35,
        "HealthCare worker new cases": null,
        "HealthCare worker new deaths": null,
        "4. Daily deaths in confirmed cases": 2,
        "2. Daily deaths in suspected cases": 3,
        "3. Total probable cases": 306,
        "2. New suspected cases": 3,
        "1. Total daily deaths": 8,
        "3. New probable cases": 9,
        "4. New confirmed cases": 0,
        "1. Total cases": 599,
        "Date": "Aug 08",
        "2. Total deaths in suspected cases": 48,
        "3. Total deaths in probable cases": 124,
        "HealthCare worker total cases": 79
    },
    {
        "1. Total new cases": 3,
        "1. Total deaths in confirmed, probable and suspected cases": 323,
        "3. Daily deaths in probable  cases": 1,
        "4.Total confirmed cases": 158,
        "4. Total deaths in confirmed cases": 146,
        "2. Total suspected cases": 135,
        "HealthCare worker total deaths": 35,
        "HealthCare worker new cases": null,
        "HealthCare worker new deaths": null,
        "4. Daily deaths in confirmed cases": 4,
        "2. Daily deaths in suspected cases": 4,
        "3. Total probable cases": 306,
        "2. New suspected cases": 1,
        "1. Total daily deaths": 9,
        "3. New probable cases": 2,
        "4. New confirmed cases": 0,
        "1. Total cases": 599,
        "Date": "Aug 09",
        "2. Total deaths in suspected cases": 52,
        "3. Total deaths in probable cases": 125,
        "HealthCare worker total cases": 81
    },
    {
        "1. Total new cases": null,
        "1. Total deaths in confirmed, probable and suspected cases": 364,
        "3. Daily deaths in probable  cases": null,
        "4.Total confirmed cases": 166,
        "4. Total deaths in confirmed cases": 152,
        "2. Total suspected cases": 155,
        "HealthCare worker total deaths": 36,
        "HealthCare worker new cases": null,
        "HealthCare worker new deaths": null,
        "4. Daily deaths in confirmed cases": null,
        "2. Daily deaths in suspected cases": null,
        "3. Total probable cases": 367,
        "2. New suspected cases": 9,
        "1. Total daily deaths": 29,
        "3. New probable cases": 49,
        "4. New confirmed cases": 2,
        "1. Total cases": 688,
        "Date": "Aug 12",
        "2. Total deaths in suspected cases": 54,
        "3. Total deaths in probable cases": 158,
        "HealthCare worker total cases": 85
    },
    {
        "1. Total new cases": 57,
        "1. Total deaths in confirmed, probable and suspected cases": 413,
        "3. Daily deaths in probable  cases": 32,
        "4.Total confirmed cases": 190,
        "4. Total deaths in confirmed cases": 154,
        "2. Total suspected cases": 173,
        "HealthCare worker total deaths": 38,
        "HealthCare worker new cases": null,
        "HealthCare worker new deaths": null,
        "4. Daily deaths in confirmed cases": 2,
        "2. Daily deaths in suspected cases": 15,
        "3. Total probable cases": 423,
        "2. New suspected cases": 18,
        "1. Total daily deaths": 29,
        "3. New probable cases": 39,
        "4. New confirmed cases": 0,
        "1. Total cases": 786,
        "Date": "Aug 13",
        "2. Total deaths in suspected cases": 69,
        "3. Total deaths in probable cases": 190,
        "HealthCare worker total cases": 90
    },
    {
        "1. Total new cases": 29,
        "1. Total deaths in confirmed, probable and suspected cases": 446,
        "3. Daily deaths in probable  cases": 4,
        "4.Total confirmed cases": 193,
        "4. Total deaths in confirmed cases": 170,
        "2. Total suspected cases": 182,
        "HealthCare worker total deaths": 41,
        "HealthCare worker new cases": null,
        "HealthCare worker new deaths": null,
        "4. Daily deaths in confirmed cases": 16,
        "2. Daily deaths in suspected cases": 13,
        "3. Total probable cases": 443,
        "2. New suspected cases": 9,
        "1. Total daily deaths": 33,
        "3. New probable cases": 20,
        "4. New confirmed cases": 0,
        "1. Total cases": 818,
        "Date": "Aug 14",
        "2. Total deaths in suspected cases": 82,
        "3. Total deaths in probable cases": 194,
        "HealthCare worker total cases": 92
    },
    {
        "1. Total new cases": 19,
        "1. Total deaths in confirmed, probable and suspected cases": 466,
        "3. Daily deaths in probable  cases": 8,
        "4.Total confirmed cases": 200,
        "4. Total deaths in confirmed cases": 178,
        "2. Total suspected cases": 190,
        "HealthCare worker total deaths": 44,
        "HealthCare worker new cases": null,
        "HealthCare worker new deaths": null,
        "4. Daily deaths in confirmed cases": 8,
        "2. Daily deaths in suspected cases": 4,
        "3. Total probable cases": 444,
        "2. New suspected cases": 10,
        "1. Total daily deaths": 17,
        "3. New probable cases": 5,
        "4. New confirmed cases": 4,
        "1. Total cases": 834,
        "Date": "Aug 15",
        "2. Total deaths in suspected cases": 86,
        "3. Total deaths in probable cases": 202,
        "HealthCare worker total cases": 94
    },
    {
        "1. Total new cases": 34,
        "1. Total deaths in confirmed, probable and suspected cases": 481,
        "3. Daily deaths in probable  cases": 3,
        "4.Total confirmed cases": 200,
        "4. Total deaths in confirmed cases": 183,
        "2. Total suspected cases": 198,
        "HealthCare worker total deaths": 44,
        "HealthCare worker new cases": null,
        "HealthCare worker new deaths": null,
        "4. Daily deaths in confirmed cases": 5,
        "2. Daily deaths in suspected cases": 7,
        "3. Total probable cases": 448,
        "2. New suspected cases": 8,
        "1. Total daily deaths": 15,
        "3. New probable cases": 26,
        "4. New confirmed cases": 0,
        "1. Total cases": 846,
        "Date": "Aug 16",
        "2. Total deaths in suspected cases": 93,
        "3. Total deaths in probable cases": 205,
        "HealthCare worker total cases": 95
    },
    {
        "1. Total new cases": 24,
        "1. Total deaths in confirmed, probable and suspected cases": 492,
        "3. Daily deaths in probable  cases": 1,
        "4.Total confirmed cases": 214,
        "4. Total deaths in confirmed cases": 186,
        "2. Total suspected cases": 212,
        "HealthCare worker total deaths": 44,
        "HealthCare worker new cases": null,
        "HealthCare worker new deaths": null,
        "4. Daily deaths in confirmed cases": 3,
        "2. Daily deaths in suspected cases": 7,
        "3. Total probable cases": 444,
        "2. New suspected cases": 14,
        "1. Total daily deaths": 11,
        "3. New probable cases": 10,
        "4. New confirmed cases": 0,
        "1. Total cases": 870,
        "Date": "Aug 17",
        "2. Total deaths in suspected cases": 100,
        "3. Total deaths in probable cases": 206,
        "HealthCare worker total cases": 95
    },
    {
        "1. Total new cases": 56,
        "1. Total deaths in confirmed, probable and suspected cases": 576,
        "3. Daily deaths in probable  cases": 33,
        "4.Total confirmed cases": 242,
        "4. Total deaths in confirmed cases": 212,
        "2. Total suspected cases": 228,
        "HealthCare worker total deaths": 60,
        "HealthCare worker new cases": null,
        "HealthCare worker new deaths": null,
        "4. Daily deaths in confirmed cases": 26,
        "2. Daily deaths in suspected cases": 25,
        "3. Total probable cases": 502,
        "2. New suspected cases": 19,
        "1. Total daily deaths": 30,
        "3. New probable cases": 35,
        "4. New confirmed cases": 2,
        "1. Total cases": 972,
        "Date": "Aug 18",
        "2. Total deaths in suspected cases": 125,
        "3. Total deaths in probable cases": 239,
        "HealthCare worker total cases": 115
    },
    {
        "1. Total new cases": 60,
        "1. Total deaths in confirmed, probable and suspected cases": 598,
        "3. Daily deaths in probable  cases": 13,
        "4.Total confirmed cases": 250,
        "4. Total deaths in confirmed cases": 217,
        "2. Total suspected cases": 241,
        "HealthCare worker total deaths": 60,
        "HealthCare worker new cases": null,
        "HealthCare worker new deaths": null,
        "4. Daily deaths in confirmed cases": 5,
        "2. Daily deaths in suspected cases": 4,
        "3. Total probable cases": 541,
        "2. New suspected cases": 13,
        "1. Total daily deaths": 20,
        "3. New probable cases": 47,
        "4. New confirmed cases": 0,
        "1. Total cases": 1032,
        "Date": "Aug 19",
        "2. Total deaths in suspected cases": 129,
        "3. Total deaths in probable cases": 252,
        "HealthCare worker total cases": 117
    },
    {
        "1. Total new cases": 65,
        "1. Total deaths in confirmed, probable and suspected cases": 624,
        "3. Daily deaths in probable  cases": 15,
        "4.Total confirmed cases": 269,
        "4. Total deaths in confirmed cases": 222,
        "2. Total suspected cases": 259,
        "HealthCare worker total deaths": 63,
        "HealthCare worker new cases": null,
        "HealthCare worker new deaths": null,
        "4. Daily deaths in confirmed cases": 5,
        "2. Daily deaths in suspected cases": 6,
        "3. Total probable cases": 554,
        "2. New suspected cases": 20,
        "1. Total daily deaths": 23,
        "3. New probable cases": 27,
        "4. New confirmed cases": 18,
        "1. Total cases": 1082,
        "Date": "Aug 20",
        "2. Total deaths in suspected cases": 135,
        "3. Total deaths in probable cases": 267,
        "HealthCare worker total cases": 117
    },
    {
        "1. Total new cases": null,
        "1. Total deaths in confirmed, probable and suspected cases": 697,
        "3. Daily deaths in probable  cases": null,
        "4.Total confirmed cases": 293,
        "4. Total deaths in confirmed cases": 256,
        "2. Total suspected cases": 342,
        "HealthCare worker total deaths": 67,
        "HealthCare worker new cases": null,
        "HealthCare worker new deaths": null,
        "4. Daily deaths in confirmed cases": null,
        "2. Daily deaths in suspected cases": null,
        "3. Total probable cases": 626,
        "2. New suspected cases": 23,
        "1. Total daily deaths": 35,
        "3. New probable cases": 48,
        "4. New confirmed cases": 24,
        "1. Total cases": 1261,
        "Date": "Aug 22",
        "2. Total deaths in suspected cases": 157,
        "3. Total deaths in probable cases": 284,
        "HealthCare worker total cases": 126
    },
    {
        "1. Total new cases": null,
        "1. Total deaths in confirmed, probable and suspected cases": 754,
        "3. Daily deaths in probable  cases": null,
        "4.Total confirmed cases": 328,
        "4. Total deaths in confirmed cases": 279,
        "2. Total suspected cases": 382,
        "HealthCare worker total deaths": 69,
        "HealthCare worker new cases": null,
        "HealthCare worker new deaths": null,
        "4. Daily deaths in confirmed cases": null,
        "2. Daily deaths in suspected cases": null,
        "3. Total probable cases": 676,
        "2. New suspected cases": 39,
        "1. Total daily deaths": 31,
        "3. New probable cases": 39,
        "4. New confirmed cases": 11,
        "1. Total cases": 1386,
        "Date": "Aug 24",
        "2. Total deaths in suspected cases": 172,
        "3. Total deaths in probable cases": 303,
        "HealthCare worker total cases": 133
    },
    {
        "1. Total new cases": 29,
        "1. Total deaths in confirmed, probable and suspected cases": 771,
        "3. Daily deaths in probable  cases": null,
        "4.Total confirmed cases": 322,
        "4. Total deaths in confirmed cases": 280,
        "2. Total suspected cases": 398,
        "HealthCare worker total deaths": 67,
        "HealthCare worker new cases": 1,
        "HealthCare worker new deaths": 0,
        "4. Daily deaths in confirmed cases": null,
        "2. Daily deaths in suspected cases": null,
        "3. Total probable cases": 675,
        "2. New suspected cases": 16,
        "1. Total daily deaths": 28,
        "3. New probable cases": 13,
        "4. New confirmed cases": 0,
        "1. Total cases": 1395,
        "Date": "Aug 25",
        "2. Total deaths in suspected cases": 182,
        "3. Total deaths in probable cases": 309,
        "HealthCare worker total cases": 132
    },
    {
        "1. Total new cases": 84,
        "1. Total deaths in confirmed, probable and suspected cases": 823,
        "3. Daily deaths in probable  cases": null,
        "4.Total confirmed cases": 342,
        "4. Total deaths in confirmed cases": 307,
        "2. Total suspected cases": 425,
        "HealthCare worker total deaths": 70,
        "HealthCare worker new cases": 5,
        "HealthCare worker new deaths": 3,
        "4. Daily deaths in confirmed cases": null,
        "2. Daily deaths in suspected cases": null,
        "3. Total probable cases": 696,
        "2. New suspected cases": 28,
        "1. Total daily deaths": 52,
        "3. New probable cases": 37,
        "4. New confirmed cases": 19,
        "1. Total cases": 1463,
        "Date": "Aug 26",
        "2. Total deaths in suspected cases": 194,
        "3. Total deaths in probable cases": 322,
        "HealthCare worker total cases": 137
    },
    {
        "1. Total new cases": 55,
        "1. Total deaths in confirmed, probable and suspected cases": 855,
        "3. Daily deaths in probable  cases": null,
        "4.Total confirmed cases": 347,
        "4. Total deaths in confirmed cases": 318,
        "2. Total suspected cases": 446,
        "HealthCare worker total deaths": 71,
        "HealthCare worker new cases": 0,
        "HealthCare worker new deaths": 0,
        "4. Daily deaths in confirmed cases": null,
        "2. Daily deaths in suspected cases": null,
        "3. Total probable cases": 749,
        "2. New suspected cases": 10,
        "1. Total daily deaths": 22,
        "3. New probable cases": 44,
        "4. New confirmed cases": 1,
        "1. Total cases": 1542,
        "Date": "Aug 27",
        "2. Total deaths in suspected cases": 203,
        "3. Total deaths in probable cases": 334,
        "HealthCare worker total cases": 137
    }
]