[
  {
    "Date":"3-Aug-14",
    "1. Total daily deaths":7,
    "2. Daily deaths in suspected cases":1,
    "3. Daily deaths in probable  cases":3,
    "4. Daily deaths in confirmed cases":3
  },
  {
    "Date":"4-Aug-14",
    "1. Total daily deaths":7,
    "2. Daily deaths in suspected cases":0,
    "3. Daily deaths in probable  cases":6,
    "4. Daily deaths in confirmed cases":1
  },
  {
    "Date":"5-Aug-14",
    "1. Total daily deaths":5,
    "2. Daily deaths in suspected cases":1,
    "3. Daily deaths in probable  cases":1,
    "4. Daily deaths in confirmed cases":3
  },
  {
    "Date":"6-Aug-14",
    "1. Total daily deaths":7,
    "2. Daily deaths in suspected cases":0,
    "3. Daily deaths in probable  cases":6,
    "4. Daily deaths in confirmed cases":1
  },
  {
    "Date":"7-Aug-14",
    "1. Total daily deaths":12,
    "2. Daily deaths in suspected cases":0,
    "3. Daily deaths in probable  cases":4,
    "4. Daily deaths in confirmed cases":8
  },
  {
    "Date":"8-Aug-14",
    "1. Total daily deaths":8,
    "2. Daily deaths in suspected cases":3,
    "3. Daily deaths in probable  cases":3,
    "4. Daily deaths in confirmed cases":2
  },
  {
    "Date":"9-Aug-14",
    "1. Total daily deaths":9,
    "2. Daily deaths in suspected cases":4,
    "3. Daily deaths in probable  cases":1,
    "4. Daily deaths in confirmed cases":4
  },
  {
    "Date":"10-Aug-14",
    "1. Total daily deaths":14,
    "2. Daily deaths in suspected cases":1,
    "3. Daily deaths in probable  cases":10,
    "4. Daily deaths in confirmed cases":3
  },
  {
    "Date":"11-Aug-14",
    "1. Total daily deaths":18,
    "2. Daily deaths in suspected cases":0,
    "3. Daily deaths in probable  cases":18,
    "4. Daily deaths in confirmed cases":0
  },
  {
    "Date":"12-Aug-14",
    "1. Total daily deaths":21,
    "2. Daily deaths in suspected cases":5,
    "3. Daily deaths in probable  cases":12,
    "4. Daily deaths in confirmed cases":4
  },
  {
    "Date":"13-Aug-14",
    "1. Total daily deaths":37,
    "2. Daily deaths in suspected cases":11,
    "3. Daily deaths in probable  cases":25,
    "4. Daily deaths in confirmed cases":1
  },
  {
    "Date":"14-Aug-14",
    "1. Total daily deaths":33,
    "2. Daily deaths in suspected cases":13,
    "3. Daily deaths in probable  cases":4,
    "4. Daily deaths in confirmed cases":16
  },
  {
    "Date":"15-Aug-14",
    "1. Total daily deaths":20,
    "2. Daily deaths in suspected cases":4,
    "3. Daily deaths in probable  cases":8,
    "4. Daily deaths in confirmed cases":8
  },
  {
    "Date":"16-Aug-14",
    "1. Total daily deaths":15,
    "2. Daily deaths in suspected cases":7,
    "3. Daily deaths in probable  cases":3,
    "4. Daily deaths in confirmed cases":5
  },
  {
    "Date":"17-Aug-14",
    "1. Total daily deaths":11,
    "2. Daily deaths in suspected cases":7,
    "3. Daily deaths in probable  cases":1,
    "4. Daily deaths in confirmed cases":3
  },
  {
    "Date":"18-Aug-14",
    "1. Total daily deaths":84,
    "2. Daily deaths in suspected cases":25,
    "3. Daily deaths in probable  cases":33,
    "4. Daily deaths in confirmed cases":26
  },
  {
    "Date":"19-Aug-14",
    "1. Total daily deaths":22,
    "2. Daily deaths in suspected cases":4,
    "3. Daily deaths in probable  cases":13,
    "4. Daily deaths in confirmed cases":5
  },
  {
    "Date":"20-Aug-14",
    "1. Total daily deaths":26,
    "2. Daily deaths in suspected cases":6,
    "3. Daily deaths in probable  cases":15,
    "4. Daily deaths in confirmed cases":5
  },
  {
    "Date":"Grand Total",
    "1. Total daily deaths":356,
    "2. Daily deaths in suspected cases":92,
    "3. Daily deaths in probable  cases":166,
    "4. Daily deaths in confirmed cases":98
  }
]