[
{
"Type": "deaths",
"Total Deaths":743,
"Deaths Last Week": 137,
"Deaths This Week": 262
},
{
"Type": "cases",
"Total Cases":1378,
"Cases Last Week": 200,
"Cases This Week": 516
},
{
"Type": "contacts",
"Total Contacts":3509,
"Contacts Last Week": 658,
"Contacts This Week": 1485
},
{
"Type": "HCW deaths",
"Total HealthCare Worker Deaths":67,
"HealthCare Worker Deaths Last Week": 7,
"HealthCare Worker Deaths This Week": 25
},
{
"Type": "HCW cases",
"Total HealthCare Worker Cases":131,
"HealthCare Worker Cases Last Week": 9,
"HealthCare Worker Cases This Week": 38
},
{
"Type": "labs",
"Total Labs Processed":0,
"Labs Processed Last Week": 0,
"Labs Processed This Week": 0,
"Total Labs Collected":57,
"Labs Collected Last Week": 0,
"Labs Collected This Week": 0
},
{
"Type": "treatment",
"FCR":57.6,
"FCR Last Week": 0,
"FCR This Week": 0
},
{
"Type": "clinics",
"Total Clinics":0
}
]