[
   {
      "Type":"Total Cases (Suspected)",
      "National":155,
      "Bomi County":4,
      "Bong County":41,
      "Gbarpolu County":0,
      "Grand Bassa":7,
      "Grand Cape Mount":0,
      "Grand Gedeh":0,
      "Grand Kru":0,
      "Lofa County":61,
      "Margibi County":9,
      "Maryland County":0,
      "Montserrado County":28,
      "Nimba County":5,
      "RiverCess County":0
   },
   {
      "Type":"Total Cases (Probable)",
      "National":367,
      "Bomi County":28,
      "Bong County":25,
      "Gbarpolu County":0,
      "Grand Bassa":1,
      "Grand Cape Mount":1,
      "Grand Gedeh":0,
      "Grand Kru":0,
      "Lofa County":195,
      "Margibi County":2,
      "Maryland County":0,
      "Montserrado County":110,
      "Nimba County":5,
      "RiverCess County":0
   },
   {
      "Type":"Total cases (confirmed)",
      "National":263,
      "Bomi County":9,
      "Bong County":20,
      "Gbarpolu County":0,
      "Grand Bassa":6,
      "Grand Cape Mount":4,
      "Grand Gedeh":0,
      "Grand Kru":0,
      "Lofa County":144,
      "Margibi County":27,
      "Maryland County":0,
      "Montserrado County":43,
      "Nimba County":8,
      "RiverCess County":1
   },
   {
      "Type":"Cumulative (confirmed, probable, suspected) cases",
      "National":1074,
      "Bomi County":41,
      "Bong County":110,
      "Gbarpolu County":15,
      "Grand Bassa":0,
      "Grand Cape Mount":8,
      "Grand Gedeh":1,
      "Grand Kru":0,
      "Lofa County":466,
      "Margibi County":86,
      "Maryland County":0,
      "Montserrado County":288,
      "Nimba County":57,
      "RiverCess County":1
   },
   {
      "Type":"Health Care Workers",
      "National":null,
      "Bomi County":null,
      "Bong County":null,
      "Gbarpolu County":null,
      "Grand Bassa":null,
      "Grand Cape Mount":null,
      "Grand Gedeh":null,
      "Grand Kru":null,
      "Lofa County":null,
      "Margibi County":null,
      "Maryland County":null,
      "Montserrado County":null,
      "Nimba County":null,
      "RiverCess County":null
   },
   {
      "Type":"Cumulative  cases among HCW",
      "National":86,
      "Bomi County":4,
      "Bong County":24,
      "Gbarpolu County":0,
      "Grand Bassa":3,
      "Grand Cape Mount":0,
      "Grand Gedeh":0,
      "Grand Kru":0,
      "Lofa County":17,
      "Margibi County":4,
      "Maryland County":0,
      "Montserrado County":33,
      "Nimba County":1,
      "RiverCess County":0
   },
   {
      "Type":"Cumulative  deaths among HCW",
      "National":36,
      "Bomi County":4,
      "Bong County":4,
      "Gbarpolu County":0,
      "Grand Bassa":0,
      "Grand Cape Mount":0,
      "Grand Gedeh":0,
      "Grand Kru":0,
      "Lofa County":14,
      "Margibi County":0,
      "Maryland County":0,
      "Montserrado County":14,
      "Nimba County":0,
      "RiverCess County":0
   },
   {
      "Type":"Deaths",
      "National":null,
      "Bomi County":null,
      "Bong County":null,
      "Gbarpolu County":null,
      "Grand Bassa":null,
      "Grand Cape Mount":null,
      "Grand Gedeh":null,
      "Grand Kru":null,
      "Lofa County":null,
      "Margibi County":null,
      "Maryland County":null,
      "Montserrado County":null,
      "Nimba County":null,
      "RiverCess County":null
   },
   {
      "Type":"Total deaths in confirmed cases",
      "National":613,
      "Bomi County":14,
      "Bong County":34,
      "Gbarpolu County":0,
      "Grand Bassa":2,
      "Grand Cape Mount":7,
      "Grand Gedeh":1,
      "Grand Kru":0,
      "Lofa County":235,
      "Margibi County":68,
      "Maryland County":0,
      "Montserrado County":218,
      "Nimba County":33,
      "RiverCess County":0
   },
   {
      "Type":"Total deaths in probable cases",
      "National":158,
      "Bomi County":6,
      "Bong County":11,
      "Gbarpolu County":0,
      "Grand Bassa":1,
      "Grand Cape Mount":1,
      "Grand Gedeh":0,
      "Grand Kru":0,
      "Lofa County":66,
      "Margibi County":0,
      "Maryland County":0,
      "Montserrado County":69,
      "Nimba County":3,
      "RiverCess County":1
   },
   {
      "Type":"Total deaths in suspected cases",
      "National":54,
      "Bomi County":0,
      "Bong County":3,
      "Gbarpolu County":0,
      "Grand Bassa":0,
      "Grand Cape Mount":0,
      "Grand Gedeh":0,
      "Grand Kru":0,
      "Lofa County":23,
      "Margibi County":4,
      "Maryland County":0,
      "Montserrado County":23,
      "Nimba County":1,
      "RiverCess County":0
   },
   {
      "Type":"Total deaths in confirmed, probable, suspected cases",
      "National":364,
      "Bomi County":13,
      "Bong County":21,
      "Gbarpolu County":0,
      "Grand Bassa":2,
      "Grand Cape Mount":2,
      "Grand Gedeh":0,
      "Grand Kru":0,
      "Lofa County":166,
      "Margibi County":8,
      "Maryland County":0,
      "Montserrado County":143,
      "Nimba County":8,
      "RiverCess County":1
   },
   {
      "Type":"Cumulative CFR (March 22 - Aug 12, 2014)",
      "National":58.2,
      "Bomi County":35.1,
      "Bong County":46.2,
      "Gbarpolu County":null,
      "Grand Bassa":28.6,
      "Grand Cape Mount":50,
      "Grand Gedeh":null,
      "Grand Kru":null,
      "Lofa County":52,
      "Margibi County":66.7,
      "Maryland County":null,
      "Montserrado County":78.4,
      "Nimba County":63.6,
      "RiverCess County":100
   }
]