[{"total_deaths_all": 32, "cases_cum": 52, "location__name": "Bomi County", "hcw_cases_cum": 5, "hcw_deaths_cum": 4}, {"total_deaths_all": 41, "cases_cum": 130, "location__name": "Bong County", "hcw_cases_cum": 26, "hcw_deaths_cum": 5}, {"total_deaths_all": 0, "cases_cum": 1, "location__name": "Gbarpolu County", "hcw_cases_cum": 0, "hcw_deaths_cum": 0}, {"total_deaths_all": 12, "cases_cum": 40, "location__name": "Grand Bassa", "hcw_cases_cum": 3, "hcw_deaths_cum": 1}, {"total_deaths_all": 7, "cases_cum": 9, "location__name": "Grand Cape Mount", "hcw_cases_cum": 3, "hcw_deaths_cum": 0}, {"total_deaths_all": 2, "cases_cum": 3, "location__name": "Grand Gedeh", "hcw_cases_cum": 0, "hcw_deaths_cum": 0}, {"total_deaths_all": 0, "cases_cum": 0, "location__name": "Grand Kru", "hcw_cases_cum": 0, "hcw_deaths_cum": 0}, {"total_deaths_all": 284, "cases_cum": 571, "location__name": "Lofa County", "hcw_cases_cum": 20, "hcw_deaths_cum": 17}, {"total_deaths_all": 93, "cases_cum": 183, "location__name": "Margibi County", "hcw_cases_cum": 30, "hcw_deaths_cum": 18}, {"total_deaths_all": 321, "cases_cum": 443, "location__name": "Montserrado County", "hcw_cases_cum": 48, "hcw_deaths_cum": 26}, {"total_deaths_all": 57, "cases_cum": 102, "location__name": "Nimba County", "hcw_cases_cum": 2, "hcw_deaths_cum": 0}, {"total_deaths_all": 5, "cases_cum": 5, "location__name": "River Gee County", "hcw_cases_cum": 0, "hcw_deaths_cum": 0}, {"total_deaths_all": 1, "cases_cum": 1, "location__name": "RiverCess County", "hcw_cases_cum": 0, "hcw_deaths_cum": 0}, {"total_deaths_all": 0, "cases_cum": 2, "location__name": "Sinoe County", "hcw_cases_cum": 0, "hcw_deaths_cum": 0}, {"total_deaths_all": 0, "cases_cum": 0, "location__name": "Maryland County", "hcw_cases_cum": 0, "hcw_deaths_cum": 0}]