[
   {
      "Type":"New Cases (Suspected)",
      "National":9,
      "Bomi County":0,
      "Bong County":3,
      "Gbarpolu County":0,
      "Grand Bassa":2,
      "Grand Cape Mount":0,
      "Grand Gedeh":0,
      "Grand Kru":0,
      "Lofa County":0,
      "Margibi County":0,
      "Maryland County":0,
      "Montserrado County":4,
      "Nimba County":0,
      "RiverCess County":0
   },
   {
      "Type":"New Case/s (Probable)",
      "National":49,
      "Bomi County":0,
      "Bong County":2,
      "Gbarpolu County":0,
      "Grand Bassa":0,
      "Grand Cape Mount":0,
      "Grand Gedeh":0,
      "Grand Kru":0,
      "Lofa County":40,
      "Margibi County":0,
      "Maryland County":0,
      "Montserrado County":7,
      "Nimba County":0,
      "RiverCess County":0
   },
   {
      "Type":"New case/s (confirmed)",
      "National":2,
      "Bomi County":0,
      "Bong County":0,
      "Gbarpolu County":0,
      "Grand Bassa":0,
      "Grand Cape Mount":1,
      "Grand Gedeh":0,
      "Grand Kru":0,
      "Lofa County":0,
      "Margibi County":0,
      "Maryland County":0,
      "Montserrado County":0,
      "Nimba County":1,
      "RiverCess County":0
   },
   {
      "Type":"Total suspected cases",
      "National":155,
      "Bomi County":4,
      "Bong County":41,
      "Gbarpolu County":0,
      "Grand Bassa":7,
      "Grand Cape Mount":0,
      "Grand Gedeh":0,
      "Grand Kru":0,
      "Lofa County":61,
      "Margibi County":9,
      "Maryland County":0,
      "Montserrado County":28,
      "Nimba County":5,
      "RiverCess County":0
   },
   {
      "Type":"Total probable cases",
      "National":390,
      "Bomi County":28,
      "Bong County":25,
      "Gbarpolu County":0,
      "Grand Bassa":1,
      "Grand Cape Mount":1,
      "Grand Gedeh":0,
      "Grand Kru":0,
      "Lofa County":218,
      "Margibi County":2,
      "Maryland County":0,
      "Montserrado County":110,
      "Nimba County":5,
      "RiverCess County":0
   },
   {
      "Type":"Total confirmed cases",
      "National":176,
      "Bomi County":9,
      "Bong County":14,
      "Gbarpolu County":0,
      "Grand Bassa":6,
      "Grand Cape Mount":4,
      "Grand Gedeh":0,
      "Grand Kru":0,
      "Lofa County":90,
      "Margibi County":2,
      "Maryland County":0,
      "Montserrado County":43,
      "Nimba County":7,
      "RiverCess County":1
   },
   {
      "Type":"Total Number of Confirmed Cases of Sierra Leonean Nationality",
      "National":12,
      "Bomi County":0,
      "Bong County":0,
      "Gbarpolu County":0,
      "Grand Bassa":0,
      "Grand Cape Mount":1,
      "Grand Gedeh":0,
      "Grand Kru":0,
      "Lofa County":11,
      "Margibi County":0,
      "Maryland County":0,
      "Montserrado County":0,
      "Nimba County":0,
      "RiverCess County":0
   },
   {
      "Type":"Total Number of Confirmed Cases of Guinean Nationality",
      "National":0,
      "Bomi County":0,
      "Bong County":0,
      "Gbarpolu County":0,
      "Grand Bassa":0,
      "Grand Cape Mount":0,
      "Grand Gedeh":0,
      "Grand Kru":0,
      "Lofa County":0,
      "Margibi County":0,
      "Maryland County":0,
      "Montserrado County":0,
      "Nimba County":0,
      "RiverCess County":0
   },
   {
      "Type":"Cumulative (confirmed, probable, suspected) cases",
      "National":721,
      "Bomi County":41,
      "Bong County":80,
      "Gbarpolu County":0,
      "Grand Bassa":14,
      "Grand Cape Mount":5,
      "Grand Gedeh":0,
      "Grand Kru":0,
      "Lofa County":369,
      "Margibi County":13,
      "Maryland County":0,
      "Montserrado County":181,
      "Nimba County":17,
      "RiverCess County":1
   }
]