[
   {
      "Type":"Newly reported contacts on 12th Aug 2014",
      "National":173,
      "Bomi County":0,
      "Bong County":55,
      "Gbarpolu County":0,
      "Grand Bassa":10,
      "Grand Cape Mount":0,
      "Grand Gedeh":0,
      "Grand Kru":0,
      "Lofa County":49,
      "Margibi County":0,
      "Maryland County":0,
      "Montserrado County":59,
      "Nimba County":0,
      "RiverCess County":0
   },
   {
      "Type":"Total contacts listed",
      "National":1481,
      "Bomi County":63,
      "Bong County":195,
      "Gbarpolu County":0,
      "Grand Bassa":10,
      "Grand Cape Mount":0,
      "Grand Gedeh":0,
      "Grand Kru":0,
      "Lofa County":393,
      "Margibi County":28,
      "Maryland County":0,
      "Montserrado County":714,
      "Nimba County":72,
      "RiverCess County":6
   },
   {
      "Type":"Currently under follow-up",
      "National":1183,
      "Bomi County":63,
      "Bong County":156,
      "Gbarpolu County":0,
      "Grand Bassa":10,
      "Grand Cape Mount":0,
      "Grand Gedeh":0,
      "Grand Kru":0,
      "Lofa County":342,
      "Margibi County":5,
      "Maryland County":0,
      "Montserrado County":582,
      "Nimba County":21,
      "RiverCess County":4
   },
   {
      "Type":"Contacts seen on 12th Aug 2014",
      "National":1069,
      "Bomi County":60,
      "Bong County":78,
      "Gbarpolu County":0,
      "Grand Bassa":10,
      "Grand Cape Mount":0,
      "Grand Gedeh":0,
      "Grand Kru":0,
      "Lofa County":342,
      "Margibi County":0,
      "Maryland County":0,
      "Montserrado County":558,
      "Nimba County":21,
      "RiverCess County":0
   },
   {
      "Type":"Contacts who completed 21 dayfollow-up",
      "National":69,
      "Bomi County":0,
      "Bong County":0,
      "Gbarpolu County":0,
      "Grand Bassa":0,
      "Grand Cape Mount":0,
      "Grand Gedeh":0,
      "Grand Kru":0,
      "Lofa County":51,
      "Margibi County":0,
      "Maryland County":0,
      "Montserrado County":18,
      "Nimba County":0,
      "RiverCess County":0
   },
   {
      "Type":"Contacts lost to follow-up",
      "National":28,
      "Bomi County":3,
      "Bong County":1,
      "Gbarpolu County":0,
      "Grand Bassa":0,
      "Grand Cape Mount":0,
      "Grand Gedeh":0,
      "Grand Kru":0,
      "Lofa County":0,
      "Margibi County":0,
      "Maryland County":0,
      "Montserrado County":24,
      "Nimba County":0,
      "RiverCess County":0
   }
]