[
   {
      "Type":"Newly reported deaths 12th Aug 2014",
      "National":29,
      "Bomi County":0,
      "Bong County":9,
      "Gbarpolu County":0,
      "Grand Bassa":0,
      "Grand Cape Mount":1,
      "Grand Gedeh":0,
      "Grand Kru":0,
      "Lofa County":11,
      "Margibi County":0,
      "Maryland County":0,
      "Montserrado County":6,
      "Nimba County":2,
      "RiverCess County":0
   },
   {
      "Type":"Total deaths in confirmed cases",
      "National":147,
      "Bomi County":7,
      "Bong County":7,
      "Gbarpolu County":0,
      "Grand Bassa":1,
      "Grand Cape Mount":2,
      "Grand Gedeh":0,
      "Grand Kru":0,
      "Lofa County":73,
      "Margibi County":2,
      "Maryland County":0,
      "Montserrado County":51,
      "Nimba County":4,
      "RiverCess County":0
   },
   {
      "Type":"Total deaths in probable cases",
      "National":163,
      "Bomi County":6,
      "Bong County":11,
      "Gbarpolu County":0,
      "Grand Bassa":1,
      "Grand Cape Mount":1,
      "Grand Gedeh":0,
      "Grand Kru":0,
      "Lofa County":75,
      "Margibi County":0,
      "Maryland County":0,
      "Montserrado County":63,
      "Nimba County":5,
      "RiverCess County":1
   },
   {
      "Type":"Total deaths in suspected cases",
      "National":55,
      "Bomi County":0,
      "Bong County":3,
      "Gbarpolu County":0,
      "Grand Bassa":0,
      "Grand Cape Mount":0,
      "Grand Gedeh":0,
      "Grand Kru":0,
      "Lofa County":24,
      "Margibi County":3,
      "Maryland County":0,
      "Montserrado County":24,
      "Nimba County":1,
      "RiverCess County":0
   },
   {
      "Type":"Total deaths in confirmed, probable, suspected cases",
      "National":365,
      "Bomi County":13,
      "Bong County":21,
      "Gbarpolu County":0,
      "Grand Bassa":2,
      "Grand Cape Mount":3,
      "Grand Gedeh":0,
      "Grand Kru":0,
      "Lofa County":172,
      "Margibi County":5,
      "Maryland County":0,
      "Montserrado County":138,
      "Nimba County":10,
      "RiverCess County":1
   },
   {
      "Type":"Case Fatality Rate (CFR) - Confirmed & Probable Cases",
      "National":54.8,
      "Bomi County":35.1,
      "Bong County":46.2,
      "Gbarpolu County":0,
      "Grand Bassa":28.6,
      "Grand Cape Mount":60,
      "Grand Gedeh":0,
      "Grand Kru":0,
      "Lofa County":48.1,
      "Margibi County":50,
      "Maryland County":0,
      "Montserrado County":74.5,
      "Nimba County":75,
      "RiverCess County":100
   }
]