[
   {
      "Type":"Newly Reported Cases in HCW on 12th Aug 2014",
      "National":1,
      "Bomi County":0,
      "Bong County":0,
      "Gbarpolu County":0,
      "Grand Bassa":0,
      "Grand Cape Mount":0,
      "Grand Gedeh":0,
      "Grand Kru":0,
      "Lofa County":1,
      "Margibi County":0,
      "Maryland County":0,
      "Montserrado County":0,
      "Nimba County":0,
      "RiverCess County":0
   },
   {
      "Type":"Cumulative  cases among HCW",
      "National":85,
      "Bomi County":4,
      "Bong County":24,
      "Gbarpolu County":0,
      "Grand Bassa":3,
      "Grand Cape Mount":0,
      "Grand Gedeh":0,
      "Grand Kru":0,
      "Lofa County":16,
      "Margibi County":4,
      "Maryland County":0,
      "Montserrado County":33,
      "Nimba County":1,
      "RiverCess County":0
   },
   {
      "Type":"Newly Reported deaths in HCW on 12th Aug 2014",
      "National":1,
      "Bomi County":0,
      "Bong County":0,
      "Gbarpolu County":0,
      "Grand Bassa":0,
      "Grand Cape Mount":0,
      "Grand Gedeh":0,
      "Grand Kru":0,
      "Lofa County":1,
      "Margibi County":0,
      "Maryland County":0,
      "Montserrado County":0,
      "Nimba County":0,
      "RiverCess County":0
   },
   {
      "Type":"Cumulative  deaths among HCW",
      "National":36,
      "Bomi County":4,
      "Bong County":4,
      "Gbarpolu County":0,
      "Grand Bassa":0,
      "Grand Cape Mount":0,
      "Grand Gedeh":0,
      "Grand Kru":0,
      "Lofa County":13,
      "Margibi County":0,
      "Maryland County":0,
      "Montserrado County":15,
      "Nimba County":0,
      "RiverCess County":0
   }
]