[
   {
      "Type":"New Admission on Aug 12 2014",
      "National":32,
      "Bomi County":0,
      "Bong County":0,
      "Gbarpolu County":0,
      "Grand Bassa":0,
      "Grand Cape Mount":0,
      "Grand Gedeh":0,
      "Grand Kru":0,
      "Lofa County":25,
      "Margibi County":0,
      "Maryland County":0,
      "Montserrado County":7,
      "Nimba County":0,
      "RiverCess County":0
   },
   {
      "Type":"Total no. currently in Treatment Units",
      "National":164,
      "Bomi County":0,
      "Bong County":0,
      "Gbarpolu County":0,
      "Grand Bassa":0,
      "Grand Cape Mount":0,
      "Grand Gedeh":0,
      "Grand Kru":0,
      "Lofa County":117,
      "Margibi County":0,
      "Maryland County":0,
      "Montserrado County":47,
      "Nimba County":0,
      "RiverCess County":0
   },
   {
      "Type":"Total discharges on 12th Aug 2014",
      "National":9,
      "Bomi County":0,
      "Bong County":0,
      "Gbarpolu County":0,
      "Grand Bassa":0,
      "Grand Cape Mount":0,
      "Grand Gedeh":0,
      "Grand Kru":0,
      "Lofa County":9,
      "Margibi County":0,
      "Maryland County":0,
      "Montserrado County":4,
      "Nimba County":0,
      "RiverCess County":0
   },
   {
      "Type":"Cumulative admission/isolation",
      "National":164,
      "Bomi County":0,
      "Bong County":0,
      "Gbarpolu County":0,
      "Grand Bassa":0,
      "Grand Cape Mount":0,
      "Grand Gedeh":0,
      "Grand Kru":0,
      "Lofa County":117,
      "Margibi County":0,
      "Maryland County":0,
      "Montserrado County":47,
      "Nimba County":0,
      "RiverCess County":0
   }
]